CueNumber;ChannelID;FixtureID;AttributeName;Value;betweenCuesTime;FixtureType;MaxPower;Layer;Name;PowerUsed;Energy_J;Energy_Wh
0;;103;DIM;0;342;6 Revolution BM/SM Original Scroller;950;REV4;Revolution 4;0;0;0
1;;100;DIM;30;38;6 Revolution BM/SM Original Scroller;950;REV4;Revolution 1;111.76;4247.06;1.18
1;;101;DIM;30;38;6 Revolution BM/SM Original Scroller;950;REV4;Revolution 2;111.76;4247.06;1.18
1;;102;DIM;30;38;6 Revolution BM/SM Original Scroller;950;REV4;Revolution 3;111.76;4247.06;1.18
1;;103;DIM;30;38;6 Revolution BM/SM Original Scroller;950;REV4;Revolution 4;111.76;4247.06;1.18
1;;104;DIM;30;38;6 Revolution BM/SM Original Scroller;950;REV4;Revolution 5;111.76;4247.06;1.18
1;;105;DIM;30;38;6 Revolution BM/SM Original Scroller;950;REV4;Revolution 6;111.76;4247.06;1.18
1;;110;DIM;30;38;8 autoyoke_jj (8)                   ;650;AUTOYOKE;autoyoke 1;76.47;2905.88;0.81
1;;111;DIM;30;38;8 autoyoke_jj (8)                   ;650;AUTOYOKE;autoyoke 2;76.47;2905.88;0.81
1;;112;DIM;30;38;8 autoyoke_jj (8)                   ;650;AUTOYOKE;autoyoke 3;76.47;2905.88;0.81
1;;113;DIM;30;38;8 autoyoke_jj (8)                   ;650;AUTOYOKE;autoyoke 4;76.47;2905.88;0.81
1;;114;DIM;30;38;8 autoyoke_jj (8)                   ;650;AUTOYOKE;autoyoke 5;76.47;2905.88;0.81
1;;115;DIM;30;38;8 autoyoke_jj (8)                   ;650;AUTOYOKE;autoyoke 6;76.47;2905.88;0.81
2;;100;DIM;0;135;6 Revolution BM/SM Original Scroller;950;REV4;Revolution 1;0;0;0
2;;101;DIM;0;135;6 Revolution BM/SM Original Scroller;950;REV4;Revolution 2;0;0;0
2;;102;DIM;0;135;6 Revolution BM/SM Original Scroller;950;REV4;Revolution 3;0;0;0
2;;103;DIM;0;135;6 Revolution BM/SM Original Scroller;950;REV4;Revolution 4;0;0;0
2;;104;DIM;0;135;6 Revolution BM/SM Original Scroller;950;REV4;Revolution 5;0;0;0
2;;105;DIM;0;135;6 Revolution BM/SM Original Scroller;950;REV4;Revolution 6;0;0;0
2;;110;DIM;0;135;8 autoyoke_jj (8)                   ;650;AUTOYOKE;autoyoke 1;0;0;0
2;;111;DIM;0;135;8 autoyoke_jj (8)                   ;650;AUTOYOKE;autoyoke 2;0;0;0
2;;112;DIM;0;135;8 autoyoke_jj (8)                   ;650;AUTOYOKE;autoyoke 3;0;0;0
2;;113;DIM;0;135;8 autoyoke_jj (8)                   ;650;AUTOYOKE;autoyoke 4;0;0;0
2;;114;DIM;0;135;8 autoyoke_jj (8)                   ;650;AUTOYOKE;autoyoke 5;0;0;0
2;;115;DIM;0;135;8 autoyoke_jj (8)                   ;650;AUTOYOKE;autoyoke 6;0;0;0
2;;100;DIM;0;135;6 Revolution BM/SM Original Scroller;950;REV4;Revolution 1;0;0;0
2;;101;DIM;0;135;6 Revolution BM/SM Original Scroller;950;REV4;Revolution 2;0;0;0
2;;102;DIM;0;135;6 Revolution BM/SM Original Scroller;950;REV4;Revolution 3;0;0;0
2;;103;DIM;0;135;6 Revolution BM/SM Original Scroller;950;REV4;Revolution 4;0;0;0
2;;104;DIM;0;135;6 Revolution BM/SM Original Scroller;950;REV4;Revolution 5;0;0;0
2;;105;DIM;20;135;6 Revolution BM/SM Original Scroller;950;REV4;Revolution 6;74.51;10058.82;2.79
2;;110;DIM;0;135;8 autoyoke_jj (8)                   ;650;AUTOYOKE;autoyoke 1;0;0;0
2;;111;DIM;0;135;8 autoyoke_jj (8)                   ;650;AUTOYOKE;autoyoke 2;0;0;0
2;;112;DIM;0;135;8 autoyoke_jj (8)                   ;650;AUTOYOKE;autoyoke 3;0;0;0
2;;113;DIM;0;135;8 autoyoke_jj (8)                   ;650;AUTOYOKE;autoyoke 4;0;0;0
2;;114;DIM;0;135;8 autoyoke_jj (8)                   ;650;AUTOYOKE;autoyoke 5;0;0;0
2;;115;DIM;0;135;8 autoyoke_jj (8)                   ;650;AUTOYOKE;autoyoke 6;0;0;0
3;;100;DIM;0;116;6 Revolution BM/SM Original Scroller;950;REV4;Revolution 1;0;0;0
3;;101;DIM;0;116;6 Revolution BM/SM Original Scroller;950;REV4;Revolution 2;0;0;0
3;;102;DIM;0;116;6 Revolution BM/SM Original Scroller;950;REV4;Revolution 3;0;0;0
3;;103;DIM;0;116;6 Revolution BM/SM Original Scroller;950;REV4;Revolution 4;0;0;0
3;;104;DIM;0;116;6 Revolution BM/SM Original Scroller;950;REV4;Revolution 5;0;0;0
3;;105;DIM;20;116;6 Revolution BM/SM Original Scroller;950;REV4;Revolution 6;74.51;8643.14;2.4
3;;110;DIM;0;116;8 autoyoke_jj (8)                   ;650;AUTOYOKE;autoyoke 1;0;0;0
3;;111;DIM;0;116;8 autoyoke_jj (8)                   ;650;AUTOYOKE;autoyoke 2;0;0;0
3;;112;DIM;0;116;8 autoyoke_jj (8)                   ;650;AUTOYOKE;autoyoke 3;0;0;0
3;;113;DIM;0;116;8 autoyoke_jj (8)                   ;650;AUTOYOKE;autoyoke 4;0;0;0
3;;114;DIM;0;116;8 autoyoke_jj (8)                   ;650;AUTOYOKE;autoyoke 5;0;0;0
3;;115;DIM;0;116;8 autoyoke_jj (8)                   ;650;AUTOYOKE;autoyoke 6;0;0;0
4;;100;DIM;11;419;6 Revolution BM/SM Original Scroller;950;REV4;Revolution 1;40.98;17170.78;4.77
4;;101;DIM;0;419;6 Revolution BM/SM Original Scroller;950;REV4;Revolution 2;0;0;0
4;;102;DIM;0;419;6 Revolution BM/SM Original Scroller;950;REV4;Revolution 3;0;0;0
4;;103;DIM;0;419;6 Revolution BM/SM Original Scroller;950;REV4;Revolution 4;0;0;0
4;;104;DIM;0;419;6 Revolution BM/SM Original Scroller;950;REV4;Revolution 5;0;0;0
4;;105;DIM;20;419;6 Revolution BM/SM Original Scroller;950;REV4;Revolution 6;74.51;31219.61;8.67
4;;110;DIM;0;419;8 autoyoke_jj (8)                   ;650;AUTOYOKE;autoyoke 1;0;0;0
4;;111;DIM;0;419;8 autoyoke_jj (8)                   ;650;AUTOYOKE;autoyoke 2;0;0;0
4;;112;DIM;0;419;8 autoyoke_jj (8)                   ;650;AUTOYOKE;autoyoke 3;0;0;0
4;;113;DIM;0;419;8 autoyoke_jj (8)                   ;650;AUTOYOKE;autoyoke 4;0;0;0
4;;114;DIM;0;419;8 autoyoke_jj (8)                   ;650;AUTOYOKE;autoyoke 5;0;0;0
4;;115;DIM;0;419;8 autoyoke_jj (8)                   ;650;AUTOYOKE;autoyoke 6;0;0;0
5;;100;DIM;11;295;6 Revolution BM/SM Original Scroller;950;REV4;Revolution 1;40.98;12089.22;3.36
5;;101;DIM;0;295;6 Revolution BM/SM Original Scroller;950;REV4;Revolution 2;0;0;0
5;;102;DIM;0;295;6 Revolution BM/SM Original Scroller;950;REV4;Revolution 3;0;0;0
5;;103;DIM;0;295;6 Revolution BM/SM Original Scroller;950;REV4;Revolution 4;0;0;0
5;;104;DIM;0;295;6 Revolution BM/SM Original Scroller;950;REV4;Revolution 5;0;0;0
5;;105;DIM;11;295;6 Revolution BM/SM Original Scroller;950;REV4;Revolution 6;40.98;12089.22;3.36
5;;110;DIM;0;295;8 autoyoke_jj (8)                   ;650;AUTOYOKE;autoyoke 1;0;0;0
5;;111;DIM;0;295;8 autoyoke_jj (8)                   ;650;AUTOYOKE;autoyoke 2;0;0;0
5;;112;DIM;0;295;8 autoyoke_jj (8)                   ;650;AUTOYOKE;autoyoke 3;0;0;0
5;;113;DIM;0;295;8 autoyoke_jj (8)                   ;650;AUTOYOKE;autoyoke 4;0;0;0
5;;114;DIM;0;295;8 autoyoke_jj (8)                   ;650;AUTOYOKE;autoyoke 5;0;0;0
5;;115;DIM;0;295;8 autoyoke_jj (8)                   ;650;AUTOYOKE;autoyoke 6;0;0;0
7;;104;DIM;16;367;6 Revolution BM/SM Original Scroller;950;REV4;Revolution 5;59.61;21876.08;6.08
8;;100;DIM;17;54;6 Revolution BM/SM Original Scroller;950;REV4;Revolution 1;63.33;3420;0.95
9;;101;DIM;14;176;6 Revolution BM/SM Original Scroller;950;REV4;Revolution 2;52.16;9179.61;2.55
10;;100;DIM;11;148;6 Revolution BM/SM Original Scroller;950;REV4;Revolution 1;40.98;6065.1;1.68
10;;101;DIM;0;148;6 Revolution BM/SM Original Scroller;950;REV4;Revolution 2;0;0;0
10;;104;DIM;10;148;6 Revolution BM/SM Original Scroller;950;REV4;Revolution 5;37.25;5513.73;1.53
11;;104;DIM;0;306;6 Revolution BM/SM Original Scroller;950;REV4;Revolution 5;0;0;0
12;;100;DIM;11;275;6 Revolution BM/SM Original Scroller;950;REV4;Revolution 1;40.98;11269.61;3.13
12;;101;DIM;0;275;6 Revolution BM/SM Original Scroller;950;REV4;Revolution 2;0;0;0
12;;102;DIM;0;275;6 Revolution BM/SM Original Scroller;950;REV4;Revolution 3;0;0;0
12;;103;DIM;0;275;6 Revolution BM/SM Original Scroller;950;REV4;Revolution 4;0;0;0
12;;104;DIM;0;275;6 Revolution BM/SM Original Scroller;950;REV4;Revolution 5;0;0;0
12;;105;DIM;11;275;6 Revolution BM/SM Original Scroller;950;REV4;Revolution 6;40.98;11269.61;3.13
12;;110;DIM;0;275;8 autoyoke_jj (8)                   ;650;AUTOYOKE;autoyoke 1;0;0;0
12;;111;DIM;0;275;8 autoyoke_jj (8)                   ;650;AUTOYOKE;autoyoke 2;0;0;0
12;;112;DIM;0;275;8 autoyoke_jj (8)                   ;650;AUTOYOKE;autoyoke 3;0;0;0
12;;113;DIM;0;275;8 autoyoke_jj (8)                   ;650;AUTOYOKE;autoyoke 4;0;0;0
12;;114;DIM;0;275;8 autoyoke_jj (8)                   ;650;AUTOYOKE;autoyoke 5;0;0;0
12;;115;DIM;0;275;8 autoyoke_jj (8)                   ;650;AUTOYOKE;autoyoke 6;0;0;0
13;;101;DIM;11.5;321;6 Revolution BM/SM Original Scroller;950;REV4;Revolution 2;42.84;13752.65;3.82
14;;101;DIM;0;326;6 Revolution BM/SM Original Scroller;950;REV4;Revolution 2;0;0;0
15;;100;DIM;11;203;6 Revolution BM/SM Original Scroller;950;REV4;Revolution 1;40.98;8319.02;2.31
15;;101;DIM;0;203;6 Revolution BM/SM Original Scroller;950;REV4;Revolution 2;0;0;0
15;;102;DIM;0;203;6 Revolution BM/SM Original Scroller;950;REV4;Revolution 3;0;0;0
15;;103;DIM;0;203;6 Revolution BM/SM Original Scroller;950;REV4;Revolution 4;0;0;0
15;;104;DIM;0;203;6 Revolution BM/SM Original Scroller;950;REV4;Revolution 5;0;0;0
15;;105;DIM;11;203;6 Revolution BM/SM Original Scroller;950;REV4;Revolution 6;40.98;8319.02;2.31
15;;110;DIM;0;203;8 autoyoke_jj (8)                   ;650;AUTOYOKE;autoyoke 1;0;0;0
15;;111;DIM;0;203;8 autoyoke_jj (8)                   ;650;AUTOYOKE;autoyoke 2;0;0;0
15;;112;DIM;0;203;8 autoyoke_jj (8)                   ;650;AUTOYOKE;autoyoke 3;0;0;0
15;;113;DIM;0;203;8 autoyoke_jj (8)                   ;650;AUTOYOKE;autoyoke 4;0;0;0
15;;114;DIM;0;203;8 autoyoke_jj (8)                   ;650;AUTOYOKE;autoyoke 5;0;0;0
15;;115;DIM;0;203;8 autoyoke_jj (8)                   ;650;AUTOYOKE;autoyoke 6;0;0;0
16;;100;DIM;8;375;6 Revolution BM/SM Original Scroller;950;REV4;Revolution 1;29.8;11176.47;3.1
16;;101;DIM;0;375;6 Revolution BM/SM Original Scroller;950;REV4;Revolution 2;0;0;0
16;;102;DIM;6;375;6 Revolution BM/SM Original Scroller;950;REV4;Revolution 3;22.35;8382.35;2.33
16;;103;DIM;0;375;6 Revolution BM/SM Original Scroller;950;REV4;Revolution 4;0;0;0
16;;104;DIM;0;375;6 Revolution BM/SM Original Scroller;950;REV4;Revolution 5;0;0;0
16;;105;DIM;11;375;6 Revolution BM/SM Original Scroller;950;REV4;Revolution 6;40.98;15367.65;4.27
16;;110;DIM;0;375;8 autoyoke_jj (8)                   ;650;AUTOYOKE;autoyoke 1;0;0;0
16;;111;DIM;0;375;8 autoyoke_jj (8)                   ;650;AUTOYOKE;autoyoke 2;0;0;0
16;;112;DIM;0;375;8 autoyoke_jj (8)                   ;650;AUTOYOKE;autoyoke 3;0;0;0
16;;113;DIM;15;375;8 autoyoke_jj (8)                   ;650;AUTOYOKE;autoyoke 4;38.24;14338.24;3.98
16;;114;DIM;0;375;8 autoyoke_jj (8)                   ;650;AUTOYOKE;autoyoke 5;0;0;0
16;;115;DIM;0;375;8 autoyoke_jj (8)                   ;650;AUTOYOKE;autoyoke 6;0;0;0
17;;101;DIM;13.5;86;6 Revolution BM/SM Original Scroller;950;REV4;Revolution 2;50.29;4325.29;1.2
18;;101;DIM;0;209;6 Revolution BM/SM Original Scroller;950;REV4;Revolution 2;0;0;0
19;;100;DIM;8;234;6 Revolution BM/SM Original Scroller;950;REV4;Revolution 1;29.8;6974.12;1.94
19;;101;DIM;0;234;6 Revolution BM/SM Original Scroller;950;REV4;Revolution 2;0;0;0
19;;102;DIM;0;234;6 Revolution BM/SM Original Scroller;950;REV4;Revolution 3;0;0;0
19;;103;DIM;0;234;6 Revolution BM/SM Original Scroller;950;REV4;Revolution 4;0;0;0
19;;104;DIM;20;234;6 Revolution BM/SM Original Scroller;950;REV4;Revolution 5;74.51;17435.29;4.84
19;;105;DIM;11;234;6 Revolution BM/SM Original Scroller;950;REV4;Revolution 6;40.98;9589.41;2.66
19;;110;DIM;0;234;8 autoyoke_jj (8)                   ;650;AUTOYOKE;autoyoke 1;0;0;0
19;;111;DIM;0;234;8 autoyoke_jj (8)                   ;650;AUTOYOKE;autoyoke 2;0;0;0
19;;112;DIM;0;234;8 autoyoke_jj (8)                   ;650;AUTOYOKE;autoyoke 3;0;0;0
19;;113;DIM;0;234;8 autoyoke_jj (8)                   ;650;AUTOYOKE;autoyoke 4;0;0;0
19;;114;DIM;0;234;8 autoyoke_jj (8)                   ;650;AUTOYOKE;autoyoke 5;0;0;0
19;;115;DIM;0;234;8 autoyoke_jj (8)                   ;650;AUTOYOKE;autoyoke 6;0;0;0
20;;100;DIM;15.5;366;6 Revolution BM/SM Original Scroller;950;REV4;Revolution 1;57.75;21134.71;5.87
20;;104;DIM;0;366;6 Revolution BM/SM Original Scroller;950;REV4;Revolution 5;0;0;0
21;;100;DIM;8;174;6 Revolution BM/SM Original Scroller;950;REV4;Revolution 1;29.8;5185.88;1.44
21;;101;DIM;0;174;6 Revolution BM/SM Original Scroller;950;REV4;Revolution 2;0;0;0
21;;102;DIM;6;174;6 Revolution BM/SM Original Scroller;950;REV4;Revolution 3;22.35;3889.41;1.08
21;;103;DIM;0;174;6 Revolution BM/SM Original Scroller;950;REV4;Revolution 4;0;0;0
21;;104;DIM;0;174;6 Revolution BM/SM Original Scroller;950;REV4;Revolution 5;0;0;0
21;;105;DIM;11;174;6 Revolution BM/SM Original Scroller;950;REV4;Revolution 6;40.98;7130.59;1.98
21;;110;DIM;0;174;8 autoyoke_jj (8)                   ;650;AUTOYOKE;autoyoke 1;0;0;0
21;;111;DIM;0;174;8 autoyoke_jj (8)                   ;650;AUTOYOKE;autoyoke 2;0;0;0
21;;112;DIM;0;174;8 autoyoke_jj (8)                   ;650;AUTOYOKE;autoyoke 3;0;0;0
21;;113;DIM;20;174;8 autoyoke_jj (8)                   ;650;AUTOYOKE;autoyoke 4;50.98;8870.59;2.46
21;;114;DIM;0;174;8 autoyoke_jj (8)                   ;650;AUTOYOKE;autoyoke 5;0;0;0
21;;115;DIM;0;174;8 autoyoke_jj (8)                   ;650;AUTOYOKE;autoyoke 6;0;0;0
22;;101;DIM;16;226;6 Revolution BM/SM Original Scroller;950;REV4;Revolution 2;59.61;13471.37;3.74
23;;101;DIM;0;343;6 Revolution BM/SM Original Scroller;950;REV4;Revolution 2;0;0;0
24;;100;DIM;8;221;6 Revolution BM/SM Original Scroller;950;REV4;Revolution 1;29.8;6586.67;1.83
24;;101;DIM;0;221;6 Revolution BM/SM Original Scroller;950;REV4;Revolution 2;0;0;0
24;;102;DIM;6;221;6 Revolution BM/SM Original Scroller;950;REV4;Revolution 3;22.35;4940;1.37
24;;103;DIM;0;221;6 Revolution BM/SM Original Scroller;950;REV4;Revolution 4;0;0;0
24;;104;DIM;22;221;6 Revolution BM/SM Original Scroller;950;REV4;Revolution 5;81.96;18113.33;5.03
24;;105;DIM;11;221;6 Revolution BM/SM Original Scroller;950;REV4;Revolution 6;40.98;9056.67;2.52
24;;110;DIM;0;221;8 autoyoke_jj (8)                   ;650;AUTOYOKE;autoyoke 1;0;0;0
24;;111;DIM;0;221;8 autoyoke_jj (8)                   ;650;AUTOYOKE;autoyoke 2;0;0;0
24;;112;DIM;0;221;8 autoyoke_jj (8)                   ;650;AUTOYOKE;autoyoke 3;0;0;0
24;;113;DIM;0;221;8 autoyoke_jj (8)                   ;650;AUTOYOKE;autoyoke 4;0;0;0
24;;114;DIM;0;221;8 autoyoke_jj (8)                   ;650;AUTOYOKE;autoyoke 5;0;0;0
24;;115;DIM;0;221;8 autoyoke_jj (8)                   ;650;AUTOYOKE;autoyoke 6;0;0;0
25;;100;DIM;8;20;6 Revolution BM/SM Original Scroller;950;REV4;Revolution 1;29.8;596.08;0.17
25;;101;DIM;0;20;6 Revolution BM/SM Original Scroller;950;REV4;Revolution 2;0;0;0
25;;102;DIM;6;20;6 Revolution BM/SM Original Scroller;950;REV4;Revolution 3;22.35;447.06;0.12
25;;103;DIM;0;20;6 Revolution BM/SM Original Scroller;950;REV4;Revolution 4;0;0;0
25;;104;DIM;0;20;6 Revolution BM/SM Original Scroller;950;REV4;Revolution 5;0;0;0
25;;105;DIM;11;20;6 Revolution BM/SM Original Scroller;950;REV4;Revolution 6;40.98;819.61;0.23
25;;110;DIM;12.5;20;8 autoyoke_jj (8)                   ;650;AUTOYOKE;autoyoke 1;31.86;637.25;0.18
25;;111;DIM;12.5;20;8 autoyoke_jj (8)                   ;650;AUTOYOKE;autoyoke 2;31.86;637.25;0.18
25;;112;DIM;12.5;20;8 autoyoke_jj (8)                   ;650;AUTOYOKE;autoyoke 3;31.86;637.25;0.18
25;;113;DIM;12.5;20;8 autoyoke_jj (8)                   ;650;AUTOYOKE;autoyoke 4;31.86;637.25;0.18
25;;114;DIM;12.5;20;8 autoyoke_jj (8)                   ;650;AUTOYOKE;autoyoke 5;31.86;637.25;0.18
25;;115;DIM;0;20;8 autoyoke_jj (8)                   ;650;AUTOYOKE;autoyoke 6;0;0;0
26;;100;DIM;16;120;6 Revolution BM/SM Original Scroller;950;REV4;Revolution 1;59.61;7152.94;1.99
27;;100;DIM;8;193;6 Revolution BM/SM Original Scroller;950;REV4;Revolution 1;29.8;5752.16;1.6
28;;100;DIM;8;212;6 Revolution BM/SM Original Scroller;950;REV4;Revolution 1;29.8;6318.43;1.76
28;;101;DIM;0;212;6 Revolution BM/SM Original Scroller;950;REV4;Revolution 2;0;0;0
28;;102;DIM;6;212;6 Revolution BM/SM Original Scroller;950;REV4;Revolution 3;22.35;4738.82;1.32
28;;103;DIM;0;212;6 Revolution BM/SM Original Scroller;950;REV4;Revolution 4;0;0;0
28;;104;DIM;0;212;6 Revolution BM/SM Original Scroller;950;REV4;Revolution 5;0;0;0
28;;105;DIM;11;212;6 Revolution BM/SM Original Scroller;950;REV4;Revolution 6;40.98;8687.84;2.41
28;;110;DIM;0;212;8 autoyoke_jj (8)                   ;650;AUTOYOKE;autoyoke 1;0;0;0
28;;111;DIM;0;212;8 autoyoke_jj (8)                   ;650;AUTOYOKE;autoyoke 2;0;0;0
28;;112;DIM;0;212;8 autoyoke_jj (8)                   ;650;AUTOYOKE;autoyoke 3;0;0;0
28;;113;DIM;0;212;8 autoyoke_jj (8)                   ;650;AUTOYOKE;autoyoke 4;0;0;0
28;;114;DIM;0;212;8 autoyoke_jj (8)                   ;650;AUTOYOKE;autoyoke 5;0;0;0
28;;115;DIM;25;212;8 autoyoke_jj (8)                   ;650;AUTOYOKE;autoyoke 6;63.73;13509.8;3.75
29;;100;DIM;8;198;6 Revolution BM/SM Original Scroller;950;REV4;Revolution 1;29.8;5901.18;1.64
29;;101;DIM;0;198;6 Revolution BM/SM Original Scroller;950;REV4;Revolution 2;0;0;0
29;;102;DIM;6;198;6 Revolution BM/SM Original Scroller;950;REV4;Revolution 3;22.35;4425.88;1.23
29;;103;DIM;0;198;6 Revolution BM/SM Original Scroller;950;REV4;Revolution 4;0;0;0
29;;104;DIM;0;198;6 Revolution BM/SM Original Scroller;950;REV4;Revolution 5;0;0;0
29;;105;DIM;11;198;6 Revolution BM/SM Original Scroller;950;REV4;Revolution 6;40.98;8114.12;2.25
29;;110;DIM;0;198;8 autoyoke_jj (8)                   ;650;AUTOYOKE;autoyoke 1;0;0;0
29;;111;DIM;0;198;8 autoyoke_jj (8)                   ;650;AUTOYOKE;autoyoke 2;0;0;0
29;;112;DIM;0;198;8 autoyoke_jj (8)                   ;650;AUTOYOKE;autoyoke 3;0;0;0
29;;113;DIM;0;198;8 autoyoke_jj (8)                   ;650;AUTOYOKE;autoyoke 4;0;0;0
29;;114;DIM;0;198;8 autoyoke_jj (8)                   ;650;AUTOYOKE;autoyoke 5;0;0;0
29;;115;DIM;33;198;8 autoyoke_jj (8)                   ;650;AUTOYOKE;autoyoke 6;84.12;16655.29;4.63
30;;105;DIM;14.5;275;6 Revolution BM/SM Original Scroller;950;REV4;Revolution 6;54.02;14855.39;4.13
30;;114;DIM;17;275;8 autoyoke_jj (8)                   ;650;AUTOYOKE;autoyoke 5;43.33;11916.67;3.31
31;;100;DIM;8;392;6 Revolution BM/SM Original Scroller;950;REV4;Revolution 1;29.8;11683.14;3.25
31;;101;DIM;0;392;6 Revolution BM/SM Original Scroller;950;REV4;Revolution 2;0;0;0
31;;102;DIM;6;392;6 Revolution BM/SM Original Scroller;950;REV4;Revolution 3;22.35;8762.35;2.43
31;;103;DIM;0;392;6 Revolution BM/SM Original Scroller;950;REV4;Revolution 4;0;0;0
31;;104;DIM;0;392;6 Revolution BM/SM Original Scroller;950;REV4;Revolution 5;0;0;0
31;;105;DIM;8;392;6 Revolution BM/SM Original Scroller;950;REV4;Revolution 6;29.8;11683.14;3.25
31;;110;DIM;0;392;8 autoyoke_jj (8)                   ;650;AUTOYOKE;autoyoke 1;0;0;0
31;;111;DIM;0;392;8 autoyoke_jj (8)                   ;650;AUTOYOKE;autoyoke 2;0;0;0
31;;112;DIM;0;392;8 autoyoke_jj (8)                   ;650;AUTOYOKE;autoyoke 3;0;0;0
31;;113;DIM;0;392;8 autoyoke_jj (8)                   ;650;AUTOYOKE;autoyoke 4;0;0;0
31;;114;DIM;0;392;8 autoyoke_jj (8)                   ;650;AUTOYOKE;autoyoke 5;0;0;0
31;;115;DIM;0;392;8 autoyoke_jj (8)                   ;650;AUTOYOKE;autoyoke 6;0;0;0
32;;100;DIM;8;176;6 Revolution BM/SM Original Scroller;950;REV4;Revolution 1;29.8;5245.49;1.46
32;;101;DIM;0;176;6 Revolution BM/SM Original Scroller;950;REV4;Revolution 2;0;0;0
32;;102;DIM;6;176;6 Revolution BM/SM Original Scroller;950;REV4;Revolution 3;22.35;3934.12;1.09
32;;103;DIM;0;176;6 Revolution BM/SM Original Scroller;950;REV4;Revolution 4;0;0;0
32;;104;DIM;0;176;6 Revolution BM/SM Original Scroller;950;REV4;Revolution 5;0;0;0
32;;105;DIM;8;176;6 Revolution BM/SM Original Scroller;950;REV4;Revolution 6;29.8;5245.49;1.46
32;;110;DIM;0;176;8 autoyoke_jj (8)                   ;650;AUTOYOKE;autoyoke 1;0;0;0
32;;111;DIM;0;176;8 autoyoke_jj (8)                   ;650;AUTOYOKE;autoyoke 2;0;0;0
32;;112;DIM;15.5;176;8 autoyoke_jj (8)                   ;650;AUTOYOKE;autoyoke 3;39.51;6953.73;1.93
32;;113;DIM;15.5;176;8 autoyoke_jj (8)                   ;650;AUTOYOKE;autoyoke 4;39.51;6953.73;1.93
32;;114;DIM;0;176;8 autoyoke_jj (8)                   ;650;AUTOYOKE;autoyoke 5;0;0;0
32;;115;DIM;0;176;8 autoyoke_jj (8)                   ;650;AUTOYOKE;autoyoke 6;0;0;0
33;;100;DIM;8;80;6 Revolution BM/SM Original Scroller;950;REV4;Revolution 1;29.8;2384.31;0.66
33;;101;DIM;0;80;6 Revolution BM/SM Original Scroller;950;REV4;Revolution 2;0;0;0
33;;102;DIM;6;80;6 Revolution BM/SM Original Scroller;950;REV4;Revolution 3;22.35;1788.24;0.5
33;;103;DIM;0;80;6 Revolution BM/SM Original Scroller;950;REV4;Revolution 4;0;0;0
33;;104;DIM;25.5;80;6 Revolution BM/SM Original Scroller;950;REV4;Revolution 5;95;7600;2.11
33;;105;DIM;8;80;6 Revolution BM/SM Original Scroller;950;REV4;Revolution 6;29.8;2384.31;0.66
33;;110;DIM;0;80;8 autoyoke_jj (8)                   ;650;AUTOYOKE;autoyoke 1;0;0;0
33;;111;DIM;0;80;8 autoyoke_jj (8)                   ;650;AUTOYOKE;autoyoke 2;0;0;0
33;;112;DIM;0;80;8 autoyoke_jj (8)                   ;650;AUTOYOKE;autoyoke 3;0;0;0
33;;113;DIM;0;80;8 autoyoke_jj (8)                   ;650;AUTOYOKE;autoyoke 4;0;0;0
33;;114;DIM;0;80;8 autoyoke_jj (8)                   ;650;AUTOYOKE;autoyoke 5;0;0;0
33;;115;DIM;0;80;8 autoyoke_jj (8)                   ;650;AUTOYOKE;autoyoke 6;0;0;0
34;;100;DIM;8;389;6 Revolution BM/SM Original Scroller;950;REV4;Revolution 1;29.8;11593.73;3.22
34;;101;DIM;0;389;6 Revolution BM/SM Original Scroller;950;REV4;Revolution 2;0;0;0
34;;102;DIM;6;389;6 Revolution BM/SM Original Scroller;950;REV4;Revolution 3;22.35;8695.29;2.42
34;;103;DIM;0;389;6 Revolution BM/SM Original Scroller;950;REV4;Revolution 4;0;0;0
34;;104;DIM;0;389;6 Revolution BM/SM Original Scroller;950;REV4;Revolution 5;0;0;0
34;;105;DIM;8;389;6 Revolution BM/SM Original Scroller;950;REV4;Revolution 6;29.8;11593.73;3.22
34;;110;DIM;0;389;8 autoyoke_jj (8)                   ;650;AUTOYOKE;autoyoke 1;0;0;0
34;;111;DIM;0;389;8 autoyoke_jj (8)                   ;650;AUTOYOKE;autoyoke 2;0;0;0
34;;112;DIM;0;389;8 autoyoke_jj (8)                   ;650;AUTOYOKE;autoyoke 3;0;0;0
34;;113;DIM;33.5;389;8 autoyoke_jj (8)                   ;650;AUTOYOKE;autoyoke 4;85.39;33217.55;9.23
34;;114;DIM;0;389;8 autoyoke_jj (8)                   ;650;AUTOYOKE;autoyoke 5;0;0;0
34;;115;DIM;0;389;8 autoyoke_jj (8)                   ;650;AUTOYOKE;autoyoke 6;0;0;0
35;;100;DIM;8;201;6 Revolution BM/SM Original Scroller;950;REV4;Revolution 1;29.8;5990.59;1.66
35;;101;DIM;0;201;6 Revolution BM/SM Original Scroller;950;REV4;Revolution 2;0;0;0
35;;102;DIM;6;201;6 Revolution BM/SM Original Scroller;950;REV4;Revolution 3;22.35;4492.94;1.25
35;;103;DIM;0;201;6 Revolution BM/SM Original Scroller;950;REV4;Revolution 4;0;0;0
35;;104;DIM;0;201;6 Revolution BM/SM Original Scroller;950;REV4;Revolution 5;0;0;0
35;;105;DIM;8;201;6 Revolution BM/SM Original Scroller;950;REV4;Revolution 6;29.8;5990.59;1.66
35;;110;DIM;0;201;8 autoyoke_jj (8)                   ;650;AUTOYOKE;autoyoke 1;0;0;0
35;;111;DIM;0;201;8 autoyoke_jj (8)                   ;650;AUTOYOKE;autoyoke 2;0;0;0
35;;112;DIM;0;201;8 autoyoke_jj (8)                   ;650;AUTOYOKE;autoyoke 3;0;0;0
35;;113;DIM;1;201;8 autoyoke_jj (8)                   ;650;AUTOYOKE;autoyoke 4;650;130650;36.29
35;;114;DIM;0;201;8 autoyoke_jj (8)                   ;650;AUTOYOKE;autoyoke 5;0;0;0
35;;115;DIM;0;201;8 autoyoke_jj (8)                   ;650;AUTOYOKE;autoyoke 6;0;0;0
36;;104;DIM;22.5;370;6 Revolution BM/SM Original Scroller;950;REV4;Revolution 5;83.82;31014.71;8.62
37;;104;DIM;0;277;6 Revolution BM/SM Original Scroller;950;REV4;Revolution 5;0;0;0
41;;100;DIM;8;192;6 Revolution BM/SM Original Scroller;950;REV4;Revolution 1;29.8;5722.35;1.59
41;;101;DIM;0;192;6 Revolution BM/SM Original Scroller;950;REV4;Revolution 2;0;0;0
41;;102;DIM;6;192;6 Revolution BM/SM Original Scroller;950;REV4;Revolution 3;22.35;4291.76;1.19
41;;103;DIM;0;192;6 Revolution BM/SM Original Scroller;950;REV4;Revolution 4;0;0;0
41;;104;DIM;0;192;6 Revolution BM/SM Original Scroller;950;REV4;Revolution 5;0;0;0
41;;105;DIM;8;192;6 Revolution BM/SM Original Scroller;950;REV4;Revolution 6;29.8;5722.35;1.59
41;;110;DIM;0;192;8 autoyoke_jj (8)                   ;650;AUTOYOKE;autoyoke 1;0;0;0
41;;111;DIM;0;192;8 autoyoke_jj (8)                   ;650;AUTOYOKE;autoyoke 2;0;0;0
41;;112;DIM;0;192;8 autoyoke_jj (8)                   ;650;AUTOYOKE;autoyoke 3;0;0;0
41;;113;DIM;20;192;8 autoyoke_jj (8)                   ;650;AUTOYOKE;autoyoke 4;50.98;9788.24;2.72
41;;114;DIM;0;192;8 autoyoke_jj (8)                   ;650;AUTOYOKE;autoyoke 5;0;0;0
41;;115;DIM;0;192;8 autoyoke_jj (8)                   ;650;AUTOYOKE;autoyoke 6;0;0;0
41;;112;DIM;13.5;192;8 autoyoke_jj (8)                   ;650;AUTOYOKE;autoyoke 3;34.41;6607.06;1.84
41;;113;DIM;14.5;192;8 autoyoke_jj (8)                   ;650;AUTOYOKE;autoyoke 4;36.96;7096.47;1.97
41;;112;DIM;0;192;8 autoyoke_jj (8)                   ;650;AUTOYOKE;autoyoke 3;0;0;0
41;;113;DIM;1;192;8 autoyoke_jj (8)                   ;650;AUTOYOKE;autoyoke 4;650;124800;34.67
44;;100;DIM;8;95;6 Revolution BM/SM Original Scroller;950;REV4;Revolution 1;29.8;2831.37;0.79
44;;101;DIM;0;95;6 Revolution BM/SM Original Scroller;950;REV4;Revolution 2;0;0;0
44;;102;DIM;6;95;6 Revolution BM/SM Original Scroller;950;REV4;Revolution 3;22.35;2123.53;0.59
44;;103;DIM;0;95;6 Revolution BM/SM Original Scroller;950;REV4;Revolution 4;0;0;0
44;;104;DIM;0;95;6 Revolution BM/SM Original Scroller;950;REV4;Revolution 5;0;0;0
44;;105;DIM;8;95;6 Revolution BM/SM Original Scroller;950;REV4;Revolution 6;29.8;2831.37;0.79
44;;110;DIM;0;95;8 autoyoke_jj (8)                   ;650;AUTOYOKE;autoyoke 1;0;0;0
44;;111;DIM;0;95;8 autoyoke_jj (8)                   ;650;AUTOYOKE;autoyoke 2;0;0;0
44;;112;DIM;23;95;8 autoyoke_jj (8)                   ;650;AUTOYOKE;autoyoke 3;58.63;5569.61;1.55
44;;113;DIM;24;95;8 autoyoke_jj (8)                   ;650;AUTOYOKE;autoyoke 4;61.18;5811.76;1.61
44;;114;DIM;0;95;8 autoyoke_jj (8)                   ;650;AUTOYOKE;autoyoke 5;0;0;0
44;;115;DIM;0;95;8 autoyoke_jj (8)                   ;650;AUTOYOKE;autoyoke 6;0;0;0
45;;100;DIM;0;248;6 Revolution BM/SM Original Scroller;950;REV4;Revolution 1;0;0;0
45;;101;DIM;0;248;6 Revolution BM/SM Original Scroller;950;REV4;Revolution 2;0;0;0
45;;102;DIM;6;248;6 Revolution BM/SM Original Scroller;950;REV4;Revolution 3;22.35;5543.53;1.54
45;;103;DIM;0;248;6 Revolution BM/SM Original Scroller;950;REV4;Revolution 4;0;0;0
45;;104;DIM;0;248;6 Revolution BM/SM Original Scroller;950;REV4;Revolution 5;0;0;0
45;;105;DIM;16.5;248;6 Revolution BM/SM Original Scroller;950;REV4;Revolution 6;61.47;15244.71;4.23
45;;110;DIM;0;248;8 autoyoke_jj (8)                   ;650;AUTOYOKE;autoyoke 1;0;0;0
45;;111;DIM;0;248;8 autoyoke_jj (8)                   ;650;AUTOYOKE;autoyoke 2;0;0;0
45;;112;DIM;0;248;8 autoyoke_jj (8)                   ;650;AUTOYOKE;autoyoke 3;0;0;0
45;;113;DIM;0;248;8 autoyoke_jj (8)                   ;650;AUTOYOKE;autoyoke 4;0;0;0
45;;114;DIM;0;248;8 autoyoke_jj (8)                   ;650;AUTOYOKE;autoyoke 5;0;0;0
45;;115;DIM;0;248;8 autoyoke_jj (8)                   ;650;AUTOYOKE;autoyoke 6;0;0;0
46;;100;DIM;0;175;6 Revolution BM/SM Original Scroller;950;REV4;Revolution 1;0;0;0
46;;101;DIM;0;175;6 Revolution BM/SM Original Scroller;950;REV4;Revolution 2;0;0;0
46;;102;DIM;6;175;6 Revolution BM/SM Original Scroller;950;REV4;Revolution 3;22.35;3911.76;1.09
46;;103;DIM;0;175;6 Revolution BM/SM Original Scroller;950;REV4;Revolution 4;0;0;0
46;;104;DIM;0;175;6 Revolution BM/SM Original Scroller;950;REV4;Revolution 5;0;0;0
46;;105;DIM;20;175;6 Revolution BM/SM Original Scroller;950;REV4;Revolution 6;74.51;13039.22;3.62
46;;110;DIM;0;175;8 autoyoke_jj (8)                   ;650;AUTOYOKE;autoyoke 1;0;0;0
46;;111;DIM;0;175;8 autoyoke_jj (8)                   ;650;AUTOYOKE;autoyoke 2;0;0;0
46;;112;DIM;0;175;8 autoyoke_jj (8)                   ;650;AUTOYOKE;autoyoke 3;0;0;0
46;;113;DIM;0;175;8 autoyoke_jj (8)                   ;650;AUTOYOKE;autoyoke 4;0;0;0
46;;114;DIM;0;175;8 autoyoke_jj (8)                   ;650;AUTOYOKE;autoyoke 5;0;0;0
46;;115;DIM;0;175;8 autoyoke_jj (8)                   ;650;AUTOYOKE;autoyoke 6;0;0;0
47;;100;DIM;0;358;6 Revolution BM/SM Original Scroller;950;REV4;Revolution 1;0;0;0
47;;101;DIM;0;358;6 Revolution BM/SM Original Scroller;950;REV4;Revolution 2;0;0;0
47;;102;DIM;6;358;6 Revolution BM/SM Original Scroller;950;REV4;Revolution 3;22.35;8002.35;2.22
47;;103;DIM;23;358;6 Revolution BM/SM Original Scroller;950;REV4;Revolution 4;85.69;30675.69;8.52
47;;104;DIM;0;358;6 Revolution BM/SM Original Scroller;950;REV4;Revolution 5;0;0;0
47;;105;DIM;0;358;6 Revolution BM/SM Original Scroller;950;REV4;Revolution 6;0;0;0
47;;110;DIM;0;358;8 autoyoke_jj (8)                   ;650;AUTOYOKE;autoyoke 1;0;0;0
47;;111;DIM;0;358;8 autoyoke_jj (8)                   ;650;AUTOYOKE;autoyoke 2;0;0;0
47;;112;DIM;0;358;8 autoyoke_jj (8)                   ;650;AUTOYOKE;autoyoke 3;0;0;0
47;;113;DIM;0;358;8 autoyoke_jj (8)                   ;650;AUTOYOKE;autoyoke 4;0;0;0
47;;114;DIM;0;358;8 autoyoke_jj (8)                   ;650;AUTOYOKE;autoyoke 5;0;0;0
47;;115;DIM;0;358;8 autoyoke_jj (8)                   ;650;AUTOYOKE;autoyoke 6;0;0;0
48;;100;DIM;0;349;6 Revolution BM/SM Original Scroller;950;REV4;Revolution 1;0;0;0
48;;101;DIM;0;349;6 Revolution BM/SM Original Scroller;950;REV4;Revolution 2;0;0;0
48;;102;DIM;6;349;6 Revolution BM/SM Original Scroller;950;REV4;Revolution 3;22.35;7801.18;2.17
48;;103;DIM;0;349;6 Revolution BM/SM Original Scroller;950;REV4;Revolution 4;0;0;0
48;;104;DIM;0;349;6 Revolution BM/SM Original Scroller;950;REV4;Revolution 5;0;0;0
48;;105;DIM;12;349;6 Revolution BM/SM Original Scroller;950;REV4;Revolution 6;44.71;15602.35;4.33
48;;110;DIM;0;349;8 autoyoke_jj (8)                   ;650;AUTOYOKE;autoyoke 1;0;0;0
48;;111;DIM;0;349;8 autoyoke_jj (8)                   ;650;AUTOYOKE;autoyoke 2;0;0;0
48;;112;DIM;0;349;8 autoyoke_jj (8)                   ;650;AUTOYOKE;autoyoke 3;0;0;0
48;;113;DIM;0;349;8 autoyoke_jj (8)                   ;650;AUTOYOKE;autoyoke 4;0;0;0
48;;114;DIM;0;349;8 autoyoke_jj (8)                   ;650;AUTOYOKE;autoyoke 5;0;0;0
48;;115;DIM;0;349;8 autoyoke_jj (8)                   ;650;AUTOYOKE;autoyoke 6;0;0;0
49;;100;DIM;8;47;6 Revolution BM/SM Original Scroller;950;REV4;Revolution 1;29.8;1400.78;0.39
49;;101;DIM;0;47;6 Revolution BM/SM Original Scroller;950;REV4;Revolution 2;0;0;0
49;;102;DIM;6;47;6 Revolution BM/SM Original Scroller;950;REV4;Revolution 3;22.35;1050.59;0.29
49;;103;DIM;0;47;6 Revolution BM/SM Original Scroller;950;REV4;Revolution 4;0;0;0
49;;104;DIM;0;47;6 Revolution BM/SM Original Scroller;950;REV4;Revolution 5;0;0;0
49;;105;DIM;8;47;6 Revolution BM/SM Original Scroller;950;REV4;Revolution 6;29.8;1400.78;0.39
49;;110;DIM;0;47;8 autoyoke_jj (8)                   ;650;AUTOYOKE;autoyoke 1;0;0;0
49;;111;DIM;0;47;8 autoyoke_jj (8)                   ;650;AUTOYOKE;autoyoke 2;0;0;0
49;;112;DIM;0;47;8 autoyoke_jj (8)                   ;650;AUTOYOKE;autoyoke 3;0;0;0
49;;113;DIM;19;47;8 autoyoke_jj (8)                   ;650;AUTOYOKE;autoyoke 4;48.43;2276.27;0.63
49;;114;DIM;0;47;8 autoyoke_jj (8)                   ;650;AUTOYOKE;autoyoke 5;0;0;0
49;;115;DIM;0;47;8 autoyoke_jj (8)                   ;650;AUTOYOKE;autoyoke 6;0;0;0
50;;101;DIM;17;395;6 Revolution BM/SM Original Scroller;950;REV4;Revolution 2;63.33;25016.67;6.95
51;;101;DIM;0;54;6 Revolution BM/SM Original Scroller;950;REV4;Revolution 2;0;0;0
52;;100;DIM;8;203;6 Revolution BM/SM Original Scroller;950;REV4;Revolution 1;29.8;6050.2;1.68
52;;101;DIM;0;203;6 Revolution BM/SM Original Scroller;950;REV4;Revolution 2;0;0;0
52;;102;DIM;6;203;6 Revolution BM/SM Original Scroller;950;REV4;Revolution 3;22.35;4537.65;1.26
52;;103;DIM;0;203;6 Revolution BM/SM Original Scroller;950;REV4;Revolution 4;0;0;0
52;;104;DIM;0;203;6 Revolution BM/SM Original Scroller;950;REV4;Revolution 5;0;0;0
52;;105;DIM;8;203;6 Revolution BM/SM Original Scroller;950;REV4;Revolution 6;29.8;6050.2;1.68
52;;110;DIM;0;203;8 autoyoke_jj (8)                   ;650;AUTOYOKE;autoyoke 1;0;0;0
52;;111;DIM;0;203;8 autoyoke_jj (8)                   ;650;AUTOYOKE;autoyoke 2;0;0;0
52;;112;DIM;0;203;8 autoyoke_jj (8)                   ;650;AUTOYOKE;autoyoke 3;0;0;0
52;;113;DIM;1;203;8 autoyoke_jj (8)                   ;650;AUTOYOKE;autoyoke 4;650;131950;36.65
52;;114;DIM;0;203;8 autoyoke_jj (8)                   ;650;AUTOYOKE;autoyoke 5;0;0;0
52;;115;DIM;0;203;8 autoyoke_jj (8)                   ;650;AUTOYOKE;autoyoke 6;0;0;0
53;;100;DIM;8;147;6 Revolution BM/SM Original Scroller;950;REV4;Revolution 1;29.8;4381.18;1.22
53;;101;DIM;0;147;6 Revolution BM/SM Original Scroller;950;REV4;Revolution 2;0;0;0
53;;102;DIM;0;147;6 Revolution BM/SM Original Scroller;950;REV4;Revolution 3;0;0;0
53;;103;DIM;24;147;6 Revolution BM/SM Original Scroller;950;REV4;Revolution 4;89.41;13143.53;3.65
53;;104;DIM;0;147;6 Revolution BM/SM Original Scroller;950;REV4;Revolution 5;0;0;0
53;;105;DIM;8;147;6 Revolution BM/SM Original Scroller;950;REV4;Revolution 6;29.8;4381.18;1.22
53;;110;DIM;0;147;8 autoyoke_jj (8)                   ;650;AUTOYOKE;autoyoke 1;0;0;0
53;;111;DIM;0;147;8 autoyoke_jj (8)                   ;650;AUTOYOKE;autoyoke 2;0;0;0
53;;112;DIM;0;147;8 autoyoke_jj (8)                   ;650;AUTOYOKE;autoyoke 3;0;0;0
53;;113;DIM;1;147;8 autoyoke_jj (8)                   ;650;AUTOYOKE;autoyoke 4;650;95550;26.54
53;;114;DIM;0;147;8 autoyoke_jj (8)                   ;650;AUTOYOKE;autoyoke 5;0;0;0
53;;115;DIM;0;147;8 autoyoke_jj (8)                   ;650;AUTOYOKE;autoyoke 6;0;0;0
54;;100;DIM;8;77;6 Revolution BM/SM Original Scroller;950;REV4;Revolution 1;29.8;2294.9;0.64
54;;101;DIM;0;77;6 Revolution BM/SM Original Scroller;950;REV4;Revolution 2;0;0;0
54;;102;DIM;6;77;6 Revolution BM/SM Original Scroller;950;REV4;Revolution 3;22.35;1721.18;0.48
54;;103;DIM;0;77;6 Revolution BM/SM Original Scroller;950;REV4;Revolution 4;0;0;0
54;;104;DIM;0;77;6 Revolution BM/SM Original Scroller;950;REV4;Revolution 5;0;0;0
54;;105;DIM;8;77;6 Revolution BM/SM Original Scroller;950;REV4;Revolution 6;29.8;2294.9;0.64
54;;110;DIM;28;77;8 autoyoke_jj (8)                   ;650;AUTOYOKE;autoyoke 1;71.37;5495.69;1.53
54;;111;DIM;28;77;8 autoyoke_jj (8)                   ;650;AUTOYOKE;autoyoke 2;71.37;5495.69;1.53
54;;112;DIM;28;77;8 autoyoke_jj (8)                   ;650;AUTOYOKE;autoyoke 3;71.37;5495.69;1.53
54;;113;DIM;29;77;8 autoyoke_jj (8)                   ;650;AUTOYOKE;autoyoke 4;73.92;5691.96;1.58
54;;114;DIM;28;77;8 autoyoke_jj (8)                   ;650;AUTOYOKE;autoyoke 5;71.37;5495.69;1.53
54;;115;DIM;28;77;8 autoyoke_jj (8)                   ;650;AUTOYOKE;autoyoke 6;71.37;5495.69;1.53
55;;100;DIM;21.5;55;6 Revolution BM/SM Original Scroller;950;REV4;Revolution 1;80.1;4405.39;1.22
55;;101;DIM;0;55;6 Revolution BM/SM Original Scroller;950;REV4;Revolution 2;0;0;0
55;;102;DIM;6;55;6 Revolution BM/SM Original Scroller;950;REV4;Revolution 3;22.35;1229.41;0.34
55;;103;DIM;0;55;6 Revolution BM/SM Original Scroller;950;REV4;Revolution 4;0;0;0
55;;104;DIM;0;55;6 Revolution BM/SM Original Scroller;950;REV4;Revolution 5;0;0;0
55;;105;DIM;8;55;6 Revolution BM/SM Original Scroller;950;REV4;Revolution 6;29.8;1639.22;0.46
55;;110;DIM;0;55;8 autoyoke_jj (8)                   ;650;AUTOYOKE;autoyoke 1;0;0;0
55;;111;DIM;0;55;8 autoyoke_jj (8)                   ;650;AUTOYOKE;autoyoke 2;0;0;0
55;;112;DIM;0;55;8 autoyoke_jj (8)                   ;650;AUTOYOKE;autoyoke 3;0;0;0
55;;113;DIM;0;55;8 autoyoke_jj (8)                   ;650;AUTOYOKE;autoyoke 4;0;0;0
55;;114;DIM;0;55;8 autoyoke_jj (8)                   ;650;AUTOYOKE;autoyoke 5;0;0;0
55;;115;DIM;0;55;8 autoyoke_jj (8)                   ;650;AUTOYOKE;autoyoke 6;0;0;0
55;;100;DIM;21.5;55;6 Revolution BM/SM Original Scroller;950;REV4;Revolution 1;80.1;4405.39;1.22
55;;101;DIM;0;55;6 Revolution BM/SM Original Scroller;950;REV4;Revolution 2;0;0;0
55;;102;DIM;6;55;6 Revolution BM/SM Original Scroller;950;REV4;Revolution 3;22.35;1229.41;0.34
55;;103;DIM;0;55;6 Revolution BM/SM Original Scroller;950;REV4;Revolution 4;0;0;0
55;;104;DIM;0;55;6 Revolution BM/SM Original Scroller;950;REV4;Revolution 5;0;0;0
55;;105;DIM;8;55;6 Revolution BM/SM Original Scroller;950;REV4;Revolution 6;29.8;1639.22;0.46
55;;110;DIM;0;55;8 autoyoke_jj (8)                   ;650;AUTOYOKE;autoyoke 1;0;0;0
55;;111;DIM;0;55;8 autoyoke_jj (8)                   ;650;AUTOYOKE;autoyoke 2;0;0;0
55;;112;DIM;0;55;8 autoyoke_jj (8)                   ;650;AUTOYOKE;autoyoke 3;0;0;0
55;;113;DIM;0;55;8 autoyoke_jj (8)                   ;650;AUTOYOKE;autoyoke 4;0;0;0
55;;114;DIM;0;55;8 autoyoke_jj (8)                   ;650;AUTOYOKE;autoyoke 5;0;0;0
55;;115;DIM;0;55;8 autoyoke_jj (8)                   ;650;AUTOYOKE;autoyoke 6;0;0;0
56;;100;DIM;0;171;6 Revolution BM/SM Original Scroller;950;REV4;Revolution 1;0;0;0
56;;101;DIM;0;171;6 Revolution BM/SM Original Scroller;950;REV4;Revolution 2;0;0;0
56;;102;DIM;0;171;6 Revolution BM/SM Original Scroller;950;REV4;Revolution 3;0;0;0
56;;103;DIM;0;171;6 Revolution BM/SM Original Scroller;950;REV4;Revolution 4;0;0;0
56;;104;DIM;0;171;6 Revolution BM/SM Original Scroller;950;REV4;Revolution 5;0;0;0
56;;105;DIM;0;171;6 Revolution BM/SM Original Scroller;950;REV4;Revolution 6;0;0;0
56;;110;DIM;0;171;8 autoyoke_jj (8)                   ;650;AUTOYOKE;autoyoke 1;0;0;0
56;;111;DIM;0;171;8 autoyoke_jj (8)                   ;650;AUTOYOKE;autoyoke 2;0;0;0
56;;112;DIM;0;171;8 autoyoke_jj (8)                   ;650;AUTOYOKE;autoyoke 3;0;0;0
56;;113;DIM;0;171;8 autoyoke_jj (8)                   ;650;AUTOYOKE;autoyoke 4;0;0;0
56;;114;DIM;0;171;8 autoyoke_jj (8)                   ;650;AUTOYOKE;autoyoke 5;0;0;0
56;;115;DIM;0;171;8 autoyoke_jj (8)                   ;650;AUTOYOKE;autoyoke 6;0;0;0
57;;100;DIM;0;110;6 Revolution BM/SM Original Scroller;950;REV4;Revolution 1;0;0;0
57;;101;DIM;0;110;6 Revolution BM/SM Original Scroller;950;REV4;Revolution 2;0;0;0
57;;102;DIM;0;110;6 Revolution BM/SM Original Scroller;950;REV4;Revolution 3;0;0;0
57;;103;DIM;0;110;6 Revolution BM/SM Original Scroller;950;REV4;Revolution 4;0;0;0
57;;104;DIM;0;110;6 Revolution BM/SM Original Scroller;950;REV4;Revolution 5;0;0;0
57;;105;DIM;0;110;6 Revolution BM/SM Original Scroller;950;REV4;Revolution 6;0;0;0
57;;110;DIM;40;110;8 autoyoke_jj (8)                   ;650;AUTOYOKE;autoyoke 1;101.96;11215.69;3.12
57;;111;DIM;40;110;8 autoyoke_jj (8)                   ;650;AUTOYOKE;autoyoke 2;101.96;11215.69;3.12
57;;112;DIM;40;110;8 autoyoke_jj (8)                   ;650;AUTOYOKE;autoyoke 3;101.96;11215.69;3.12
57;;113;DIM;40;110;8 autoyoke_jj (8)                   ;650;AUTOYOKE;autoyoke 4;101.96;11215.69;3.12
57;;114;DIM;40;110;8 autoyoke_jj (8)                   ;650;AUTOYOKE;autoyoke 5;101.96;11215.69;3.12
57;;115;DIM;40;110;8 autoyoke_jj (8)                   ;650;AUTOYOKE;autoyoke 6;101.96;11215.69;3.12
58;;110;DIM;0;60;8 autoyoke_jj (8)                   ;650;AUTOYOKE;autoyoke 1;0;0;0
58;;111;DIM;0;60;8 autoyoke_jj (8)                   ;650;AUTOYOKE;autoyoke 2;0;0;0
58;;112;DIM;0;60;8 autoyoke_jj (8)                   ;650;AUTOYOKE;autoyoke 3;0;0;0
58;;113;DIM;0;60;8 autoyoke_jj (8)                   ;650;AUTOYOKE;autoyoke 4;0;0;0
58;;114;DIM;0;60;8 autoyoke_jj (8)                   ;650;AUTOYOKE;autoyoke 5;0;0;0
58;;115;DIM;0;60;8 autoyoke_jj (8)                   ;650;AUTOYOKE;autoyoke 6;0;0;0
